{"cameraMode":{"drawMode":0,"name":"Shaded","section":"Shading Mode"},"sceneLighting":true,"audioPlay":false,"sceneViewState":{"showFog":true,"showMaterialUpdate":false,"showSkybox":true,"showFlares":true,"showImageEffects":true,"showParticleSystems":true},"in2DMode":false,"pivot":{"x":2.943052291870117,"y":14.863192558288575,"z":6.619456768035889},"rotation":{"x":0.18118205666542054,"y":-0.7854912281036377,"z":0.2703673541545868,"w":0.5263829231262207},"size":29.160329818725587,"orthographic":false}